{
  "models": {
    "random_forest": {
      "f1_macro": 0.9996,
      "accuracy": 0.9998,
      "classification_report": {
        "Calm": {
          "precision": 1.0,
          "recall": 0.9989035087719298,
          "f1-score": 0.9994514536478333,
          "support": 912.0
        },
        "Energetic": {
          "precision": 1.0,
          "recall": 1.0,
          "f1-score": 1.0,
          "support": 387.0
        },
        "Focused": {
          "precision": 1.0,
          "recall": 0.9963503649635036,
          "f1-score": 0.9981718464351006,
          "support": 548.0
        },
        "Happy": {
          "precision": 1.0,
          "recall": 1.0,
          "f1-score": 1.0,
          "support": 2312.0
        },
        "Intense": {
          "precision": 1.0,
          "recall": 1.0,
          "f1-score": 1.0,
          "support": 1564.0
        },
        "Melancholic": {
          "precision": 1.0,
          "recall": 1.0,
          "f1-score": 1.0,
          "support": 1859.0
        },
        "Neutral": {
          "precision": 0.9994900560938297,
          "recall": 1.0,
          "f1-score": 0.9997449630196379,
          "support": 5880.0
        },
        "accuracy": 0.9997771504976972,
        "macro avg": {
          "precision": 0.9999271508705471,
          "recall": 0.9993219819622048,
          "f1-score": 0.9996240375860816,
          "support": 13462.0
        },
        "weighted avg": {
          "precision": 0.999777264138443,
          "recall": 0.9997771504976972,
          "f1-score": 0.9997770227402116,
          "support": 13462.0
        }
      }
    },
    "xgboost": {
      "f1_macro": 0.9962,
      "accuracy": 0.9973,
      "classification_report": {
        "Calm": {
          "precision": 0.9902067464635473,
          "recall": 0.9978070175438597,
          "f1-score": 0.99399235390497,
          "support": 912.0
        },
        "Energetic": {
          "precision": 0.989769820971867,
          "recall": 1.0,
          "f1-score": 0.9948586118251928,
          "support": 387.0
        },
        "Focused": {
          "precision": 0.9927140255009107,
          "recall": 0.9945255474452555,
          "f1-score": 0.9936189608021878,
          "support": 548.0
        },
        "Happy": {
          "precision": 0.99913307325531,
          "recall": 0.9969723183391004,
          "f1-score": 0.9980515263043949,
          "support": 2312.0
        },
        "Intense": {
          "precision": 1.0,
          "recall": 1.0,
          "f1-score": 1.0,
          "support": 1564.0
        },
        "Melancholic": {
          "precision": 0.9935691318327974,
          "recall": 0.9973103819257665,
          "f1-score": 0.9954362416107383,
          "support": 1859.0
        },
        "Neutral": {
          "precision": 0.9989771564950563,
          "recall": 0.9965986394557823,
          "f1-score": 0.9977864805040013,
          "support": 5880.0
        },
        "accuracy": 0.9972515228049325,
        "macro avg": {
          "precision": 0.994909993502784,
          "recall": 0.9976019863871092,
          "f1-score": 0.9962491678502122,
          "support": 13462.0
        },
        "weighted avg": {
          "precision": 0.997262154293548,
          "recall": 0.9972515228049325,
          "f1-score": 0.997253759277294,
          "support": 13462.0
        }
      }
    },
    "mlp": {
      "f1_macro": 0.9354,
      "accuracy": 0.9547,
      "classification_report": {
        "Calm": {
          "precision": 0.8667953667953668,
          "recall": 0.9846491228070176,
          "f1-score": 0.9219712525667351,
          "support": 912.0
        },
        "Energetic": {
          "precision": 0.7654075546719682,
          "recall": 0.9948320413436692,
          "f1-score": 0.8651685393258427,
          "support": 387.0
        },
        "Focused": {
          "precision": 0.8086696562032885,
          "recall": 0.9872262773722628,
          "f1-score": 0.8890714872637634,
          "support": 548.0
        },
        "Happy": {
          "precision": 0.95085381091212,
          "recall": 0.9874567474048442,
          "f1-score": 0.9688096753660089,
          "support": 2312.0
        },
        "Intense": {
          "precision": 0.9603469640644362,
          "recall": 0.9910485933503836,
          "f1-score": 0.9754562617998741,
          "support": 1564.0
        },
        "Melancholic": {
          "precision": 0.9888080581980974,
          "recall": 0.9505110274341043,
          "f1-score": 0.9692814042786615,
          "support": 1859.0
        },
        "Neutral": {
          "precision": 0.9955979457079971,
          "recall": 0.9231292517006803,
          "f1-score": 0.9579950582421461,
          "support": 5880.0
        },
        "accuracy": 0.9546872678651017,
        "macro avg": {
          "precision": 0.9052113366504678,
          "recall": 0.9741218659161374,
          "f1-score": 0.9353933826918617,
          "support": 13462.0
        },
        "weighted avg": {
          "precision": 0.9599277843822399,
          "recall": 0.9546872678651017,
          "f1-score": 0.9555248713415223,
          "support": 13462.0
        }
      }
    }
  },
  "best_model": "random_forest"
}